{
  "initialized": true,
  "admin_list": [
    "不才",
    "2417934243"
  ],
  "version_number": "1.0.0",
  "version_content": "人头王小妞子机器人更新功能\n1、插件支持",
  "private_reply_enabled": true,
  "group_reply_enabled": true,
  "group_blacklist": [],
  "reverse_ws_port": 8086,
  "framework_admin_user": {
    "username": "不才",
    "password_hash": "pbkdf2:sha256:600000$X9ngvfPN4zywGlUM$40632ac4b77ab18d2442c8ce3b15eba6a7ecbfd7f184950a9ad4be34f8d58228"
  }
}